B,Put Option Pirce,Down and out Barrier,Down and in Barrier
60,5.73700,5.68747,0.04953
70,5.73700,5.02465,0.71235
80,5.73700,2.63073,3.10627
90,5.73700,0.30745,5.42955
