B,Local volatility function,Constant volatility,Percentage difference
60,0.23213,0.04953,78.66402
70,1.23174,0.71235,42.16771
80,3.50949,3.10627,11.48945
90,5.45986,5.42955,0.55517
