B,Put Option Pirce,Down and out Barrier,Down and in Barrier
60,5.73090,5.49877,0.23213
70,5.73090,4.49916,1.23174
80,5.73090,2.22141,3.50949
90,5.73090,0.27104,5.45986
